model_a,model_b,p_raw,p_holm
GBR,HPC-FLRNet,0.005062032126267864,0.050620321262678646
GBR,MLP,0.005062032126267864,0.050620321262678646
GBR,SVR,0.005062032126267864,0.050620321262678646
HPC-FLRNet,MLP,0.005062032126267864,0.050620321262678646
HPC-FLRNet,SVR,0.005062032126267864,0.050620321262678646
HPC-FLRNet,XGB,0.005062032126267864,0.050620321262678646
MLP,XGB,0.005062032126267864,0.050620321262678646
SVR,XGB,0.005062032126267864,0.050620321262678646
GBR,XGB,0.07446183141740546,0.14892366283481093
MLP,SVR,0.07446183141740546,0.14892366283481093
