model_a,model_b,p_raw,p_holm
GBR,MLP,0.005062032126267864,0.050620321262678646
GBR,SVR,0.005062032126267864,0.050620321262678646
HPC-FLRNet,MLP,0.009344113002204883,0.050620321262678646
HPC-FLRNet,SVR,0.0069104298078147995,0.050620321262678646
MLP,XGB,0.005062032126267864,0.050620321262678646
SVR,XGB,0.005062032126267864,0.050620321262678646
MLP,SVR,0.07446183141740546,0.29784732566962185
GBR,HPC-FLRNet,0.9593536340401635,1.0
GBR,XGB,0.7988593499960496,1.0
HPC-FLRNet,XGB,0.7988593499960496,1.0
