model_a,model_b,p_raw,p_holm
GBR,MLP,0.005062032126267864,0.050620321262678646
GBR,SVR,0.005062032126267864,0.050620321262678646
HPC-FLRNet,MLP,0.005062032126267864,0.050620321262678646
HPC-FLRNet,SVR,0.005062032126267864,0.050620321262678646
MLP,SVR,0.005062032126267864,0.050620321262678646
MLP,XGB,0.005062032126267864,0.050620321262678646
SVR,XGB,0.005062032126267864,0.050620321262678646
GBR,HPC-FLRNet,0.3862707203664827,0.5064208606695243
GBR,XGB,0.1688069535565081,0.5064208606695243
HPC-FLRNet,XGB,0.1688069535565081,0.5064208606695243
