model_a,model_b,p_raw,p_holm
GBR,MLP,0.005062032126267864,0.050620321262678646
GBR,SVR,0.005062032126267864,0.050620321262678646
HPC-FLRNet,MLP,0.0069104298078147995,0.050620321262678646
HPC-FLRNet,SVR,0.005062032126267864,0.050620321262678646
MLP,XGB,0.005062032126267864,0.050620321262678646
SVR,XGB,0.005062032126267864,0.050620321262678646
GBR,HPC-FLRNet,0.20262160771231197,0.6752278142260324
GBR,XGB,0.2845026979112075,0.6752278142260324
HPC-FLRNet,XGB,0.3328797545683888,0.6752278142260324
MLP,SVR,0.1688069535565081,0.6752278142260324
